{
  "top_n": 3,
  "prompt_scoring_mode": "margin_hardneg",
  "weight_mode": "softmax",
  "weight_temperature": 0.05,
  "accuracy": 0.6289855072463768,
  "macro_f1": 0.595551601524709,
  "weighted_f1": 0.5955516015247089,
  "uncalibrated_brier_clipped_score": 0.3993464636257679,
  "platt_brier": 0.23330509847409264
}