{
  "top_n": 1,
  "prompt_scoring_mode": "margin_hardneg",
  "weight_mode": "softmax",
  "weight_temperature": 0.05,
  "accuracy": 0.6231884057971014,
  "macro_f1": 0.6148503109693574,
  "weighted_f1": 0.6148503109693574,
  "uncalibrated_brier_clipped_score": 0.3926959219333888,
  "platt_brier": 0.23696144585328363
}